laptop_id,manufacturers_info,product,laptop_type,inches,screen_resolution,device_processor (CPU),device_memory (RAM),memory_capacity,gpu,operating_system,weight,price_euros
1,1,300,4,13.3,23,65,8,4,58,8,38,1339.69
2,1,301,4,13.3,1,63,8,2,51,8,35,898.94
3,7,50,3,15.6,8,74,8,16,53,4,74,575.0
4,1,300,4,15.4,25,85,1,29,9,8,71,2537.45
5,1,300,4,13.3,23,67,8,16,59,8,38,1803.6
6,0,58,3,15.6,0,14,5,26,17,5,105,400.0
7,1,300,4,15.4,25,84,1,15,60,3,90,2139.97
8,1,301,4,13.3,1,63,8,15,51,8,35,1158.7
9,2,608,4,14.0,8,106,1,29,98,5,41,1495.0
10,0,430,4,14.0,15,83,8,16,61,5,62,770.0
11,7,50,3,15.6,0,74,5,26,53,4,74,393.9
12,7,50,3,15.6,8,56,5,26,47,4,74,344.99
13,1,300,4,15.4,25,86,1,16,10,8,71,2439.97
14,4,239,3,15.6,8,56,5,16,24,5,113,498.9
15,1,298,4,12.0,22,51,8,16,52,8,4,1262.4
16,1,300,4,13.3,23,65,8,16,58,8,38,1518.55
17,4,239,3,15.6,8,97,8,16,24,5,113,745.0
18,1,300,4,15.4,25,87,1,29,11,8,71,2858.0
19,10,209,3,15.6,8,59,8,10,72,4,113,499.0
20,4,576,4,13.3,13,83,8,4,61,5,23,979.0
21,2,543,2,11.6,0,30,3,23,41,5,6,191.9
22,10,291,1,15.6,15,77,8,5,75,5,129,999.0
23,7,51,3,15.6,0,22,5,26,12,4,74,258.0
24,4,244,0,13.3,7,83,8,16,61,5,57,819.0
25,7,8,4,15.6,8,106,8,16,53,5,80,659.0
26,4,239,3,15.6,0,56,5,10,47,5,121,418.64
27,1,299,4,13.3,1,62,8,2,51,3,36,1099.0
28,4,247,3,15.6,8,83,8,16,7,5,113,800.0
29,4,282,4,15.6,8,107,8,19,61,5,76,1298.0
30,7,364,3,17.3,8,83,8,10,69,5,129,896.0
31,3,270,3,15.6,8,29,5,35,40,5,77,244.99
32,2,104,3,14.0,0,20,3,23,12,5,60,199.0
33,7,44,3,17.3,8,8,5,26,7,5,136,439.0
34,4,576,4,13.3,35,106,1,29,61,5,32,1869.0
35,1,299,4,13.3,1,62,8,15,51,3,36,998.0
36,10,200,3,14.0,0,37,5,35,43,5,45,249.0
37,0,58,3,15.6,0,60,5,10,53,2,105,367.0
38,4,252,3,17.3,15,83,8,5,7,5,144,979.0
39,7,50,3,15.6,0,74,5,10,53,5,74,488.69
40,7,363,3,15.6,8,83,8,16,70,5,105,879.0
41,2,554,3,15.6,8,56,5,10,53,2,148,389.0
42,4,258,1,15.6,15,102,1,18,79,5,132,1499.0
43,2,565,3,15.6,0,74,8,10,72,2,121,522.99
44,0,63,3,15.6,15,83,5,16,61,5,113,682.0
45,4,260,0,17.3,7,83,0,10,63,5,140,999.0
46,1,300,4,13.3,23,64,8,16,56,8,38,1419.0
47,10,211,3,15.6,0,56,5,4,47,4,113,369.0
48,2,408,1,17.3,8,26,8,18,37,5,153,1299.0
49,4,239,3,15.6,8,74,5,16,24,5,121,639.0
50,2,574,3,17.3,0,113,5,10,66,5,144,466.0
51,10,592,0,10.1,28,31,5,35,41,0,0,319.0
52,0,63,3,15.6,15,106,8,16,98,5,113,841.0
53,7,51,3,15.6,8,8,5,16,16,5,74,398.49
54,7,361,3,13.3,8,106,8,29,61,5,49,1103.0
55,0,58,3,15.6,0,59,5,10,53,5,124,384.0
56,4,240,3,15.6,8,106,8,16,6,5,97,767.8
57,7,16,3,15.6,8,56,5,4,47,5,80,439.0
58,2,538,3,15.6,0,74,5,16,53,5,148,586.19
59,11,181,1,17.3,8,102,1,20,80,5,122,2449.0
60,2,562,3,15.6,8,56,5,16,47,2,148,415.0
61,4,252,3,17.3,8,106,1,20,7,5,144,1299.0
62,4,550,4,14.0,8,83,8,16,61,5,70,879.0
63,10,220,3,14.0,15,60,8,16,53,4,70,599.0
64,2,500,3,14.0,8,83,8,16,61,5,50,941.0
66,7,50,3,15.6,8,74,8,16,53,5,74,690.0
67,2,601,4,15.6,8,102,1,29,76,5,78,1983.0
68,7,50,3,15.6,0,56,5,26,6,5,74,438.69
69,7,428,3,14.0,0,36,5,25,41,5,45,229.0
70,10,524,3,15.6,8,74,5,10,53,5,87,549.0
71,2,142,1,17.3,8,102,0,10,76,2,166,949.0
72,13,429,4,13.5,37,74,5,4,53,6,26,1089.0
73,4,242,4,13.3,15,106,8,16,7,5,50,955.0
74,4,247,3,15.6,8,106,8,16,7,5,113,870.0
75,11,163,1,17.3,8,77,8,5,75,5,142,1095.0
76,0,69,3,14.0,0,56,8,10,47,5,105,389.0
77,2,133,1,15.6,8,102,8,10,75,5,113,949.0
78,10,210,3,15.6,8,74,8,22,53,4,113,519.0
79,4,247,3,15.6,8,106,8,5,61,5,88,855.0
80,0,64,3,15.6,8,60,5,10,97,5,113,530.0
81,7,364,3,17.3,8,83,8,5,69,5,129,977.0
82,4,282,4,15.6,15,83,8,16,61,5,76,1096.16
83,1,298,4,12.0,22,61,8,29,52,8,4,1510.0
84,7,362,3,14.0,8,83,8,16,53,5,58,860.0
85,10,207,3,15.6,8,8,5,4,5,5,113,399.0
86,0,58,3,15.6,0,14,5,10,17,5,105,395.0
87,4,258,1,15.6,15,102,1,5,76,5,132,1349.0
88,7,326,4,15.6,15,106,8,16,85,5,71,699.0
89,7,50,3,15.6,8,74,8,16,53,5,84,598.99
90,2,134,1,15.6,15,102,1,5,79,5,113,1449.0
91,4,576,4,13.3,15,106,8,16,61,5,22,1649.0
92,2,135,1,15.6,8,24,8,10,36,5,123,699.0
93,0,59,3,15.6,8,106,8,10,98,5,113,689.0
94,7,368,3,13.3,8,106,1,29,61,5,49,1197.0
95,4,258,1,15.6,8,77,8,16,79,5,132,1195.0
96,2,616,4,14.0,8,97,8,16,53,5,27,1049.0
97,0,423,0,13.3,13,83,8,16,61,5,56,847.0
98,4,239,3,15.6,8,97,8,10,24,2,113,599.9
99,4,239,3,15.6,8,56,5,16,24,2,113,485.0
100,2,563,3,15.6,8,59,7,16,65,5,148,577.0
102,7,314,1,15.6,15,102,0,5,75,5,130,1249.0
103,7,21,3,15.6,8,97,8,16,7,5,80,719.0
104,7,29,3,15.6,8,22,5,26,12,5,105,349.0
105,4,240,3,15.6,8,83,8,10,6,2,113,647.0
106,7,124,4,13.3,15,97,8,16,98,5,39,1119.0
107,13,429,4,13.5,37,74,8,16,53,6,26,1340.0
108,7,323,3,14.0,15,74,7,16,72,5,54,659.0
109,10,228,3,15.6,8,56,5,10,47,5,73,414.9
110,2,501,4,14.0,15,97,8,16,72,5,41,1193.0
111,11,167,1,15.6,8,102,1,18,76,5,113,1299.0
112,10,486,3,14.0,15,97,8,16,53,5,54,1480.0
113,2,541,4,15.6,8,106,1,18,98,5,56,1262.0
114,4,576,4,13.3,31,98,8,16,58,5,24,1379.0
115,10,474,0,13.3,13,74,8,16,53,5,38,1399.0
116,7,369,3,14.0,9,83,5,26,61,5,58,722.0
117,4,576,4,13.3,15,83,8,16,61,5,22,1629.0
118,7,421,0,13.3,13,83,8,16,61,5,28,1398.99
119,7,369,3,14.0,8,106,8,29,61,5,58,1084.0
120,4,257,3,15.6,15,106,8,18,72,5,100,1130.33
121,2,572,3,17.3,8,56,5,10,66,5,148,564.0
122,2,541,3,15.6,8,106,8,16,72,5,70,1118.0
123,0,422,3,15.6,13,59,7,10,53,5,105,479.0
124,11,178,1,15.6,8,102,1,20,80,5,78,2241.5
125,10,210,3,15.6,8,74,8,16,72,4,113,629.0
126,7,371,3,17.3,8,106,1,29,70,5,129,1271.0
127,0,58,3,15.6,0,14,5,16,17,5,105,451.0
128,7,50,3,15.6,0,36,5,26,41,4,74,259.0
129,7,369,3,14.0,8,83,8,10,61,5,58,812.0
130,2,103,3,14.0,0,16,5,37,12,6,60,277.99
131,4,252,3,17.3,8,106,1,20,7,5,144,1396.0
132,7,364,3,17.3,8,83,8,16,61,5,129,928.0
133,4,245,3,15.6,0,74,8,10,30,5,118,638.99
134,4,239,3,15.6,8,56,5,10,24,5,113,449.0
135,0,430,4,14.0,15,106,8,16,61,5,62,884.0
136,0,65,3,15.6,8,60,5,16,97,5,113,572.0
137,7,7,3,15.6,0,97,8,10,53,5,91,598.0
138,7,369,3,14.0,8,106,8,16,61,5,58,988.0
139,10,504,3,15.6,0,37,5,10,43,4,87,252.36
140,2,140,1,17.3,8,77,8,5,75,5,166,938.0
141,10,210,3,15.6,8,74,5,10,66,4,113,499.0
142,7,123,3,13.3,15,74,5,16,53,5,34,699.0
143,0,59,3,17.3,15,60,5,10,97,5,166,655.0
144,10,455,3,14.0,15,83,8,16,35,5,66,1116.02
145,10,291,1,15.6,15,102,8,16,77,4,124,869.0
146,16,411,3,15.6,0,68,5,26,47,5,105,602.0
147,7,51,3,15.6,0,8,5,16,16,5,74,369.0
148,2,607,4,14.0,8,106,8,16,61,5,27,1099.0
149,7,113,4,12.5,11,47,8,29,46,5,5,2014.0
150,2,555,3,15.6,8,37,5,10,43,5,148,344.0
151,11,152,1,17.3,8,102,1,18,80,5,147,2029.0
152,0,62,3,15.6,0,56,5,10,47,5,105,447.0
153,4,248,1,15.6,8,102,1,29,75,5,126,1249.26
154,4,256,1,15.6,8,102,8,1,75,5,130,899.0
155,10,505,3,15.6,0,74,5,4,53,5,87,498.0
156,11,155,1,17.3,8,102,1,18,79,5,144,1890.0
157,7,111,4,14.0,8,80,5,16,53,5,48,1082.0
158,7,9,3,15.6,8,83,7,16,6,5,80,619.0
159,10,583,0,14.0,13,59,5,16,53,5,65,629.0
160,2,600,0,13.3,7,83,8,16,53,5,21,1315.0
161,4,250,0,15.6,7,106,8,16,61,5,53,1049.0
163,16,411,3,15.6,0,55,5,26,47,5,105,447.0
164,2,569,3,15.6,0,14,5,10,22,5,89,403.0
165,0,67,3,17.3,15,83,5,16,98,5,166,805.0
166,4,240,3,15.6,8,83,8,16,6,5,97,728.0
167,10,291,1,15.6,15,102,1,16,76,5,129,1079.0
168,0,61,3,15.6,0,37,5,10,43,5,105,348.0
169,11,149,1,15.6,15,102,1,18,79,5,124,1799.0
170,0,58,3,15.6,0,113,5,10,44,5,105,363.51
171,4,248,1,15.6,8,102,8,5,75,5,126,1060.49
172,0,67,3,17.3,15,83,8,16,98,5,166,854.0
173,7,361,3,13.3,15,83,5,26,61,5,49,754.0
174,8,302,4,13.0,17,74,8,16,53,5,8,1349.0
175,7,47,3,17.3,15,74,7,22,6,5,136,699.0
176,10,207,3,15.6,0,9,5,26,16,4,113,309.0
177,16,411,3,15.6,0,59,5,26,53,5,148,489.0
178,7,364,3,17.3,8,83,8,16,69,5,129,923.0
179,4,239,3,15.6,0,59,8,10,53,5,121,459.0
180,0,62,3,15.6,0,56,5,4,47,5,105,449.0
181,11,190,1,18.4,8,95,4,31,62,5,174,2799.0
182,10,518,3,15.6,8,74,8,5,4,5,79,813.0
183,7,421,0,13.3,11,83,8,16,61,5,31,1499.0
184,4,247,3,15.6,8,106,1,20,7,2,88,1049.0
185,4,576,4,13.3,8,83,8,16,61,5,24,1399.0
186,10,591,0,13.9,11,106,1,29,61,5,50,1849.0
187,16,411,3,15.6,0,74,8,4,53,5,96,793.0
188,18,303,3,15.6,15,83,8,16,98,4,83,1199.0
189,4,260,3,17.3,7,106,1,29,63,5,140,1549.0
190,4,577,3,15.6,5,102,1,29,75,5,92,2397.0
191,10,291,1,15.6,15,77,8,16,75,4,124,779.0
192,0,431,4,13.3,15,81,8,16,52,5,13,989.0
193,4,252,3,17.3,8,106,8,5,7,5,144,1085.0
194,10,494,0,14.0,39,97,1,12,53,5,43,2824.0
195,17,264,3,14.0,15,37,5,23,43,5,41,260.0
196,18,303,4,13.3,15,74,8,16,98,4,41,999.9
197,10,213,3,17.3,2,83,8,16,98,4,144,698.0
198,4,244,0,13.3,13,106,8,10,61,5,57,839.0
199,7,364,3,17.3,15,83,8,10,69,5,129,914.0
200,14,85,1,17.3,5,103,4,12,82,5,158,6099.0
201,7,361,3,13.3,8,83,8,29,61,5,49,959.0
202,7,317,1,17.3,15,102,1,18,75,5,155,1379.0
203,7,371,3,17.3,8,106,8,16,70,5,129,1045.0
204,4,258,1,15.6,12,102,1,31,79,5,132,1845.0
205,10,511,3,15.6,0,68,5,4,47,5,105,493.0
206,0,71,3,15.6,8,97,8,10,72,5,108,742.0
207,10,292,1,15.6,15,102,1,31,79,5,153,1749.0
208,4,352,5,15.6,6,114,1,18,101,5,144,3055.0
209,10,291,1,15.6,8,102,1,29,79,4,124,1398.0
210,4,239,3,15.6,36,59,7,10,53,5,121,439.0
211,4,576,4,13.3,11,106,8,16,61,5,22,1949.0
212,4,576,4,13.3,8,106,8,16,61,5,32,1449.0
213,10,210,3,15.6,0,74,8,16,53,5,113,597.0
215,0,60,3,15.6,8,102,8,10,75,2,124,779.0
216,2,384,1,17.3,8,102,1,18,75,5,147,1407.0
217,7,22,3,15.6,8,56,5,26,47,4,105,349.0
218,10,210,3,15.6,8,74,8,16,53,4,113,549.0
219,8,302,4,13.0,17,97,8,29,53,5,8,1499.0
220,4,242,4,13.3,15,106,8,16,7,5,50,931.88
221,10,212,3,17.3,2,74,8,10,85,4,144,589.0
222,7,369,3,14.0,8,106,8,16,69,5,58,1031.0
223,4,280,4,14.0,8,83,8,16,61,5,62,1149.0
224,4,244,0,13.3,7,106,1,29,61,5,57,1279.0
225,4,240,3,15.6,8,83,8,16,6,2,113,677.35
226,10,583,0,14.0,15,83,8,16,61,5,65,899.0
227,16,341,4,13.3,8,89,8,16,47,5,32,1363.0
228,7,363,3,15.6,8,83,8,10,61,5,105,794.0
229,4,56,1,17.3,15,102,1,18,79,5,173,2456.34
230,0,71,3,15.6,8,97,8,16,72,5,113,832.0
231,4,245,3,15.6,7,97,1,10,30,5,121,859.01
232,2,545,3,15.6,8,74,8,16,67,5,148,769.0
233,2,266,3,17.3,8,74,8,21,86,5,134,891.0
234,7,594,3,15.6,8,97,8,10,1,5,87,1269.0
235,2,359,3,15.6,0,59,5,10,53,5,119,398.99
236,7,38,3,15.6,0,19,5,26,12,5,105,330.0
237,10,292,1,15.6,15,102,1,18,79,5,153,1499.0
238,4,549,3,14.0,8,74,8,16,53,5,62,859.0
239,0,79,0,13.3,13,68,8,16,47,5,62,689.0
240,4,245,3,15.6,8,97,1,16,30,2,118,899.0
241,0,62,3,15.6,0,56,5,10,47,2,105,390.0
242,2,570,3,15.6,8,2,5,5,24,5,113,575.0
243,2,381,1,17.3,8,103,4,31,82,5,177,3890.0
244,0,307,1,15.6,15,77,8,16,75,5,129,846.0
245,10,211,3,15.6,0,56,8,4,47,5,113,589.0
246,2,539,3,17.3,8,106,8,5,63,5,105,1145.0
247,2,129,3,17.3,8,97,8,5,86,4,134,889.0
248,4,248,1,15.6,8,77,8,16,75,5,126,879.0
249,10,590,0,13.9,13,97,8,16,53,5,39,1079.0
250,4,247,3,15.6,8,106,8,6,7,5,113,985.0
251,7,20,3,15.6,36,74,8,10,53,5,90,559.0
252,2,387,1,17.3,8,103,1,16,82,5,162,2999.0
253,7,361,3,13.3,15,83,5,26,61,5,49,675.0
254,1,300,4,13.3,23,67,8,29,59,8,38,2040.0
255,4,250,0,15.6,13,106,8,10,61,5,94,819.0
256,2,382,1,17.3,8,102,1,18,93,5,172,1799.0
257,2,552,3,15.6,0,14,5,10,22,5,61,469.0
258,10,591,0,13.9,13,106,8,29,61,5,38,1849.0
259,0,59,3,17.3,15,60,5,16,97,5,166,702.0
260,4,548,4,13.3,8,83,8,16,61,5,42,949.0
261,7,13,3,15.6,0,10,8,4,16,5,80,445.9
262,7,125,3,17.3,15,106,1,10,98,5,147,1059.0
263,11,187,1,17.3,8,102,1,31,80,5,168,2499.0
264,10,586,0,15.6,13,102,8,29,77,5,148,1699.0
265,4,252,3,17.3,8,106,8,5,7,5,144,1142.0
266,10,211,3,15.6,8,56,5,16,47,4,113,444.0
267,7,363,3,15.6,15,83,5,26,53,5,105,722.0
268,4,547,3,15.6,8,74,5,10,53,5,102,657.0
269,4,239,3,15.6,8,74,8,10,24,5,109,565.0
270,4,250,0,15.6,7,83,8,16,61,5,133,799.0
271,2,600,0,13.3,7,106,8,34,61,5,21,1499.0
272,10,210,3,15.6,8,74,5,10,53,4,113,467.0
273,7,371,3,17.3,8,106,8,10,70,5,129,1018.0
274,10,531,3,15.6,8,106,8,16,61,5,91,880.0
275,1,300,4,13.3,23,66,8,29,57,8,38,1958.9
276,2,408,1,17.3,8,26,1,18,37,5,153,1549.0
277,4,240,3,15.6,8,106,8,16,6,2,98,735.07
278,10,472,0,14.0,39,91,1,29,47,5,37,2499.0
279,16,411,3,15.6,0,89,8,26,68,5,113,812.0
280,4,245,3,15.6,0,97,0,10,53,5,121,713.07
281,4,252,3,17.3,8,106,8,5,7,2,144,1099.0
282,0,63,3,15.6,15,106,8,10,97,5,113,745.0
283,10,214,3,17.3,2,56,5,10,47,5,144,489.0
284,10,213,3,17.3,8,106,8,22,98,4,144,849.0
285,10,212,3,17.3,2,97,7,5,72,5,144,859.0
286,4,239,3,15.6,8,54,5,10,24,2,110,428.0
287,10,291,1,15.6,15,77,8,16,75,5,129,829.0
288,10,230,3,15.6,8,74,7,16,53,5,113,579.0
289,0,67,3,15.6,15,106,8,16,98,5,166,951.0
290,0,409,3,15.6,13,97,0,10,53,5,99,659.0
291,10,490,3,15.6,15,97,8,16,55,5,83,1097.0
292,2,541,4,15.6,8,74,8,16,72,5,70,977.0
293,10,291,1,15.6,15,102,1,18,76,5,129,1179.0
294,10,209,3,15.6,8,97,8,10,72,4,113,659.01
295,0,97,3,15.6,0,32,3,8,40,1,104,199.0
296,2,139,1,17.3,8,102,8,10,75,5,166,1187.0
297,7,40,3,17.3,2,56,8,10,47,5,125,489.0
298,4,577,3,15.6,8,102,8,16,75,5,148,1829.0
299,10,530,3,15.6,8,83,8,16,61,5,91,739.0
300,10,292,1,15.6,15,102,8,10,79,5,153,1299.0
301,0,68,3,15.6,8,102,8,16,76,2,129,979.0
302,4,353,5,17.3,8,104,1,16,101,5,157,2884.86
303,10,202,3,15.6,8,0,7,10,18,5,124,499.0
304,2,610,4,15.6,8,97,1,29,72,5,58,1468.0
305,2,540,3,14.0,0,59,5,4,53,5,41,509.0
306,2,402,1,17.3,8,102,1,18,80,5,147,2122.0
307,10,212,3,17.3,2,74,7,10,84,5,144,649.0
308,10,210,3,15.6,0,74,8,22,72,4,113,549.0
309,2,157,1,15.6,8,102,8,5,76,5,129,1265.0
310,10,208,3,15.6,0,113,5,10,44,4,113,359.99
311,7,114,0,13.3,7,99,1,16,53,5,30,1975.0
312,16,411,3,15.6,15,89,8,16,68,5,113,1043.0
313,10,209,3,15.6,8,74,8,5,72,5,121,819.0
314,7,50,3,15.6,8,56,5,10,47,5,74,469.0
315,10,222,3,13.3,15,74,8,16,53,5,21,999.0
316,4,576,4,13.3,11,106,1,12,61,5,22,2499.0
317,11,150,1,15.6,15,102,1,18,80,5,144,2099.0
318,0,107,3,15.6,8,11,8,16,17,5,108,469.0
319,2,536,0,11.6,36,37,3,23,43,5,21,275.0
320,4,247,3,15.6,8,83,8,5,7,5,116,844.0
321,7,421,0,13.3,11,106,1,12,61,5,31,2449.0
322,10,453,3,13.3,0,33,5,7,45,1,46,459.9
323,7,365,3,14.0,8,74,8,16,53,5,83,980.0
324,0,495,3,11.6,0,112,5,2,42,5,50,485.0
325,7,117,3,14.0,8,97,8,16,53,5,48,1292.0
326,10,212,3,17.3,2,74,5,10,66,5,141,589.0
327,2,606,3,14.0,8,97,8,16,53,5,148,1094.0
329,7,363,3,15.6,14,106,8,10,61,5,105,902.0
330,0,59,3,15.6,0,4,8,16,34,5,113,659.0
331,10,200,3,14.0,0,37,5,23,43,5,45,292.0
332,0,70,3,15.6,0,74,7,10,53,5,108,549.0
333,2,541,4,15.6,8,97,8,16,72,5,70,1049.9
334,7,116,4,12.5,8,97,8,16,53,5,28,1335.0
335,4,577,3,15.6,5,102,4,12,75,5,92,2639.0
336,11,164,1,17.3,8,102,8,18,76,5,142,1199.0
337,16,411,3,15.6,15,74,8,16,53,5,96,943.0
338,2,502,3,14.0,8,97,8,18,53,5,148,1334.0
339,10,521,3,15.6,8,56,5,10,47,5,73,449.0
340,2,137,1,15.6,8,102,8,16,75,5,129,999.0
341,7,111,3,14.0,8,78,8,16,53,5,48,1268.0
342,4,257,4,15.6,15,83,8,5,72,5,87,1049.0
343,7,118,3,15.6,8,74,8,16,53,5,72,1144.0
344,2,556,3,15.6,0,37,5,10,43,2,148,274.99
345,4,257,3,15.6,8,83,8,16,72,5,148,1142.75
346,4,238,3,15.6,0,36,5,26,40,2,113,274.9
347,10,206,3,15.6,8,5,0,22,7,5,113,899.0
348,7,363,3,15.6,15,59,8,10,70,5,105,716.0
349,10,591,0,13.9,11,106,1,29,61,5,50,2099.0
350,4,576,4,13.3,8,106,8,16,61,5,32,1579.0
351,10,291,1,15.6,15,102,1,20,76,5,124,1129.0
352,7,427,3,14.0,0,36,3,23,41,5,45,279.0
353,4,282,4,15.6,8,107,1,32,61,5,76,1607.96
354,2,536,0,11.6,36,37,5,23,43,5,56,375.0
355,4,247,4,15.6,8,83,8,10,7,5,87,663.0
356,4,577,3,15.6,5,102,1,29,75,5,92,2027.42
357,7,118,3,15.6,8,97,8,16,53,5,72,1304.0
358,11,171,1,17.3,8,102,8,5,79,5,142,1409.0
359,7,597,5,15.6,8,102,8,16,101,5,135,1738.27
360,16,440,3,15.6,15,89,1,29,68,5,124,1403.0
361,4,247,3,15.6,8,106,8,6,7,5,88,970.9
362,10,208,3,15.6,0,37,5,10,43,4,113,321.99
363,4,258,1,15.6,8,77,8,10,75,5,132,999.0
364,4,239,3,15.6,36,74,8,22,53,5,118,557.37
365,4,285,3,14.0,8,78,8,16,53,5,37,1427.0
366,7,50,3,15.6,0,56,5,26,47,5,74,439.0
367,2,615,3,14.0,8,74,8,16,53,5,148,945.0
368,10,212,3,17.3,2,74,7,5,85,5,144,719.0
369,7,50,3,15.6,8,74,8,10,53,5,74,639.0
370,10,211,3,15.6,0,56,8,16,67,4,113,499.0
371,7,3,3,15.6,0,112,8,22,42,5,90,389.0
372,4,252,3,17.3,8,83,8,5,7,5,144,1085.0
373,10,291,1,15.6,15,77,8,5,75,4,124,809.0
374,4,245,3,15.6,8,97,8,16,30,5,116,899.0
375,7,115,4,14.0,15,97,8,16,53,5,37,1750.0
376,2,600,0,15.6,7,97,0,33,74,5,111,1099.0
377,0,58,3,15.6,0,14,5,4,17,5,105,426.0
378,2,408,1,17.3,15,26,1,18,37,5,152,2199.0
379,10,199,3,17.3,2,11,5,4,17,5,135,489.0
380,4,244,0,13.3,7,106,8,16,61,5,57,869.01
381,7,31,3,15.6,8,14,5,16,17,5,80,488.99
382,10,578,2,11.6,9,41,5,4,43,5,55,553.0
383,4,238,3,15.6,0,35,5,26,41,5,78,309.0
384,2,535,3,14.0,0,37,5,23,43,5,56,286.0
385,0,60,3,15.6,8,102,8,10,75,2,124,846.0
386,7,321,1,17.3,15,102,8,5,75,5,155,1191.0
387,10,520,3,15.6,8,56,5,4,47,4,73,403.5
388,2,385,1,15.6,15,102,8,5,79,5,121,1655.0
389,10,223,3,14.0,15,74,8,16,72,5,56,1099.0
390,2,612,4,13.3,7,97,1,29,53,5,21,1748.9
391,10,491,4,14.0,10,97,8,29,53,5,14,2282.0
392,10,233,3,13.3,15,59,5,4,53,5,56,549.0
393,4,349,5,15.6,8,72,8,26,2,5,108,1369.0
394,4,351,5,15.6,15,94,8,16,101,5,148,2135.0
395,10,472,0,14.0,39,97,1,29,53,5,43,2509.0
396,2,404,1,17.3,8,102,8,10,75,5,166,1039.0
397,2,407,1,17.3,8,102,1,18,76,5,166,1591.0
399,0,59,3,15.6,9,83,0,10,97,5,113,693.99
400,11,294,1,17.3,8,102,8,16,76,5,142,1349.0
401,4,245,3,15.6,8,97,8,16,30,2,116,778.87
402,7,10,4,15.6,8,14,5,16,6,5,80,499.0
403,10,457,3,15.6,15,106,8,16,35,5,105,1229.56
404,10,459,3,14.0,15,74,8,16,53,5,87,938.0
405,4,354,5,15.6,5,102,8,16,101,5,68,2712.0
406,10,491,4,14.0,10,97,1,12,53,5,14,2625.0
407,10,208,3,15.6,0,37,5,10,43,5,113,306.0
408,2,141,1,17.3,8,102,1,18,75,5,147,1529.0
409,10,457,3,15.6,15,83,8,18,35,5,105,1144.5
410,0,60,3,15.6,8,102,8,16,75,2,129,879.0
411,11,156,1,17.3,8,102,1,18,80,5,144,2249.0
412,2,611,4,14.0,8,97,8,29,53,5,11,1873.0
413,16,342,4,13.3,8,89,1,29,47,5,32,1747.0
414,4,285,4,14.0,8,99,8,29,40,5,37,1680.0
415,10,211,3,15.6,8,56,5,26,47,5,113,409.0
416,10,293,3,11.6,0,37,3,23,43,5,16,304.45
417,10,462,5,15.6,8,102,8,29,101,5,133,1925.0
418,10,487,4,14.0,18,102,8,29,74,5,70,1943.0
419,7,6,3,15.6,8,56,5,10,6,5,105,469.0
420,0,79,0,13.3,13,89,8,16,47,5,62,789.01
421,2,600,0,13.3,13,74,8,16,53,5,29,928.0
422,4,239,3,15.6,8,74,5,16,24,2,121,598.9
423,4,274,3,13.3,0,56,5,4,47,5,60,689.0
424,7,109,4,14.0,8,89,8,16,47,5,44,1500.0
425,4,239,3,15.6,0,74,8,10,53,5,98,539.95
426,10,455,4,14.0,15,106,8,16,35,5,66,1215.38
427,10,586,0,15.6,11,102,1,29,75,5,148,1899.0
428,3,269,3,12.3,24,41,7,35,43,5,50,449.0
429,7,366,3,15.6,8,104,8,16,55,5,114,1427.0
430,2,564,3,15.6,8,59,8,10,72,2,121,597.0
431,4,56,1,17.3,10,103,1,18,80,5,173,2799.0
432,4,258,1,15.6,15,102,8,5,76,5,130,1159.0
433,4,247,3,15.6,8,106,8,20,7,5,88,1142.4
434,4,279,4,14.0,8,99,8,16,53,2,62,1099.0
435,7,320,1,17.3,8,102,0,18,80,5,155,1999.0
436,12,145,0,11.6,13,37,5,25,43,5,17,299.0
437,15,93,2,11.6,0,36,5,7,41,1,16,269.0
438,10,475,3,13.3,15,97,8,16,53,5,50,1010.0
439,10,215,3,14.0,15,60,5,4,53,5,70,599.0
440,10,490,5,15.6,12,99,1,29,72,5,121,2445.0
441,10,480,3,15.6,8,104,1,29,104,5,129,2449.0
442,2,408,1,17.3,8,25,8,18,37,5,153,1695.0
443,7,37,3,15.6,0,36,5,26,41,5,105,347.0
444,6,331,4,12.3,38,105,1,29,52,1,21,2199.0
445,10,469,4,14.0,4,97,2,29,53,5,34,2382.0
446,2,538,3,15.6,8,74,5,16,53,2,148,559.0
447,10,207,3,17.3,2,8,8,10,15,5,144,519.0
448,4,247,3,15.6,8,83,5,16,7,5,113,749.0
449,10,473,4,12.5,15,74,8,16,53,5,37,1429.0
450,10,208,3,15.6,8,113,5,4,44,5,113,349.0
451,7,312,1,15.6,15,102,8,5,75,5,113,1099.0
452,4,279,3,14.0,8,79,8,16,69,5,59,1179.0
453,0,76,3,15.6,0,74,5,26,53,2,124,441.8
454,4,350,5,15.6,8,114,8,36,108,5,108,1993.0
455,11,191,1,15.6,8,77,8,16,75,5,113,1027.74
456,13,429,4,13.5,37,100,1,29,58,6,27,2589.0
457,7,24,3,15.6,0,74,8,4,53,5,80,589.0
458,4,350,5,15.6,15,94,1,16,108,5,101,1975.0
459,7,366,5,15.6,15,104,8,29,53,5,114,1534.0
460,10,467,3,14.0,8,74,8,16,53,5,60,1345.0
461,4,247,3,15.6,8,106,8,5,7,5,118,979.0
462,4,236,0,11.6,36,112,5,26,42,5,47,479.0
463,4,56,3,17.3,15,101,8,10,79,5,173,2046.0
464,13,429,4,13.5,37,52,5,4,52,6,26,989.0
465,13,429,4,13.5,37,100,8,16,58,6,27,1799.0
466,7,41,3,17.3,2,56,8,16,47,5,129,639.9
467,0,71,3,15.6,8,56,5,10,72,5,108,544.0
468,0,495,2,11.6,0,36,5,4,41,5,50,435.0
469,2,357,3,15.6,8,74,8,10,53,5,119,749.0
470,10,219,3,14.0,15,97,8,29,31,4,56,799.0
471,10,480,3,15.6,8,104,8,16,104,5,133,2090.0
472,2,561,3,15.6,0,113,5,26,43,5,148,304.0
473,0,59,3,15.6,0,56,5,26,85,5,113,469.0
474,4,247,3,15.6,8,83,8,22,7,5,88,759.0
475,7,318,1,17.3,15,102,0,10,79,5,164,1699.0
476,10,485,4,14.0,20,91,0,16,47,5,50,1858.0
477,7,421,0,13.3,11,106,8,29,61,5,31,1999.0
478,7,594,3,15.6,8,74,8,26,1,5,87,1154.0
479,6,331,4,12.3,38,82,8,4,52,1,21,1275.0
480,4,284,4,13.3,7,83,8,16,61,5,43,1841.85
481,2,601,3,15.6,12,92,0,5,48,5,92,1299.0
482,4,287,3,14.0,0,58,8,4,47,5,69,740.0
483,4,354,5,15.6,8,102,8,16,101,5,68,2408.0
484,10,486,3,14.0,8,74,8,9,53,5,70,1364.0
485,4,240,3,15.6,8,83,8,10,6,5,113,675.0
486,16,334,3,13.3,15,74,8,16,53,5,8,1672.0
487,4,257,3,15.6,15,106,8,29,72,5,100,1262.0
488,4,547,3,15.6,0,59,5,10,53,5,102,586.6
489,7,361,3,13.3,15,83,5,4,61,5,49,726.0
490,3,271,3,15.6,8,30,5,35,40,5,77,248.9
491,10,456,3,15.6,0,54,5,4,47,5,121,565.0
492,10,455,3,14.0,15,83,8,16,61,5,66,1049.0
493,4,350,5,15.6,15,94,1,29,108,5,101,2338.0
494,4,577,3,15.6,8,102,1,29,75,5,92,1899.0
495,10,493,4,12.5,15,97,1,29,53,5,37,1798.0
496,2,614,4,12.5,8,97,1,29,53,5,2,1950.0
497,10,477,3,15.6,15,74,8,16,72,5,121,1011.99
498,16,336,4,13.3,7,97,4,29,53,5,8,2799.0
499,2,539,1,15.6,8,102,8,5,75,5,86,1350.0
500,0,59,3,15.6,0,1,8,10,34,5,113,579.0
501,2,389,1,17.3,13,92,2,18,90,5,170,1269.0
502,10,492,4,12.5,9,68,8,9,47,5,41,1099.0
503,10,234,3,15.6,8,106,8,16,61,5,101,898.9
504,7,111,3,14.0,8,99,8,12,53,5,48,1749.0
505,10,453,3,13.3,15,59,8,16,53,5,50,949.0
506,10,460,3,15.6,15,74,8,16,53,5,121,911.0
507,2,534,2,11.6,0,37,5,35,43,6,32,340.0
508,7,5,3,15.6,0,74,8,16,6,5,80,618.99
509,10,591,0,13.9,13,83,8,16,61,5,50,1599.0
510,10,205,3,14.0,0,37,5,26,43,5,105,299.0
511,10,100,2,11.6,0,36,5,8,41,1,27,265.0
512,10,453,3,13.3,8,74,8,16,53,5,45,949.0
513,2,609,3,15.6,8,97,8,18,53,5,148,1224.0
514,0,66,3,15.6,15,83,5,10,98,5,113,613.0
515,7,120,4,13.3,15,97,8,29,53,5,35,1323.0
516,10,291,1,15.6,15,102,8,18,79,4,124,1149.0
517,4,576,4,13.3,13,74,8,4,53,5,31,899.0
518,0,63,3,15.6,8,97,5,26,72,5,113,639.0
519,4,551,3,15.6,8,74,8,10,53,5,102,836.0
520,4,247,3,15.6,8,106,1,20,7,5,113,1219.24
521,18,303,3,15.6,15,106,1,16,98,4,83,1399.95
522,2,533,2,11.6,0,37,3,23,43,5,21,245.0
523,7,28,3,15.6,36,83,5,10,61,5,90,521.47
524,2,386,1,15.6,8,102,2,29,96,5,109,2968.0
525,7,370,3,15.6,8,74,8,16,69,5,90,889.0
526,2,143,1,17.3,8,102,1,18,94,5,166,1504.0
527,10,292,1,15.6,15,102,8,18,79,5,153,1399.0
528,7,420,4,13.3,15,97,8,16,53,5,34,1399.0
529,4,279,3,14.0,8,78,8,16,53,5,59,1279.73
530,7,362,3,15.6,0,56,5,4,47,5,58,689.0
531,4,252,3,17.3,15,83,8,5,7,2,144,889.0
532,10,459,3,14.0,8,68,8,16,47,7,88,1340.0
533,10,209,3,15.6,8,97,5,10,66,5,113,799.0
534,10,211,3,15.6,0,56,8,22,67,4,113,459.0
535,4,239,3,15.6,8,74,5,26,24,5,121,585.0
536,4,281,3,15.6,8,79,8,16,53,5,87,1377.0
537,4,56,1,17.3,15,102,1,5,80,5,173,3012.77
538,16,411,3,15.6,15,74,8,26,53,5,96,860.0
539,2,617,3,15.6,12,97,8,18,89,5,148,1299.0
540,12,415,3,13.3,15,41,5,25,43,5,32,369.0
541,2,385,1,15.6,15,77,8,5,79,5,121,1649.0
542,4,281,3,15.6,8,99,8,16,69,5,81,1369.0
543,4,247,3,15.6,8,83,8,16,7,5,113,797.41
544,7,50,3,15.6,8,112,5,16,42,5,74,398.99
545,7,313,1,17.3,8,102,0,10,79,5,130,1799.0
546,10,476,3,14.0,15,97,8,16,72,5,75,859.0
547,4,576,4,13.3,31,106,8,16,61,5,32,1399.0
548,4,549,3,14.0,8,56,5,4,47,5,62,735.87
549,7,121,4,13.3,21,97,8,16,53,5,35,1145.0
550,0,60,1,15.6,8,77,8,10,75,2,124,798.0
551,2,542,3,15.6,0,17,5,26,13,5,148,349.0
552,7,363,3,15.6,8,59,5,4,53,5,105,705.5
553,10,454,3,14.0,8,74,5,26,53,5,75,785.0
554,10,523,3,15.6,8,68,5,10,47,4,99,462.35
555,7,50,3,15.6,8,56,5,26,47,5,74,397.0
556,10,471,3,15.6,15,97,8,29,53,5,86,1729.0
557,10,211,3,15.6,8,56,5,4,47,5,113,499.0
558,4,281,3,15.6,8,74,8,16,53,5,87,1116.99
559,4,56,1,17.3,15,102,1,18,80,5,173,2699.0
560,7,42,3,17.3,2,56,8,10,47,5,132,544.15
561,7,364,3,17.3,8,97,8,10,69,5,131,1280.0
562,2,53,3,15.6,0,37,5,26,43,2,148,224.0
563,12,412,3,13.3,15,30,5,23,40,5,36,255.0
564,10,212,3,17.3,2,97,7,5,72,5,144,949.0
565,7,32,3,15.6,15,2,7,4,7,5,80,568.9
566,4,547,3,15.6,0,56,5,10,22,5,102,617.9
567,0,424,0,11.6,13,38,5,23,43,5,27,349.0
568,10,527,3,15.6,8,60,5,4,53,5,91,630.0
569,7,108,4,13.3,19,47,1,29,46,5,17,1965.0
570,10,482,3,17.3,15,102,8,16,109,5,159,2999.0
571,2,136,3,15.6,8,77,8,5,75,5,129,839.0
572,4,576,4,13.3,11,83,8,4,61,5,22,1599.0
573,4,281,3,15.6,0,78,5,26,53,5,81,959.0
574,5,297,3,15.6,0,74,8,10,53,5,113,739.0
575,10,208,3,15.6,8,113,5,26,44,5,113,344.0
576,10,459,3,14.0,0,74,5,26,53,5,88,990.0
577,7,595,5,17.3,2,79,8,26,101,5,150,1860.99
578,7,1,3,14.0,0,112,8,22,42,5,82,389.0
579,7,36,3,15.6,15,15,7,16,7,5,83,649.0
580,10,477,3,15.6,8,74,8,16,53,5,121,830.0
581,10,529,3,15.6,8,83,5,26,53,5,91,685.0
582,12,414,3,14.0,8,30,5,25,40,5,50,249.0
583,16,444,4,14.0,7,97,1,29,53,5,25,1865.0
584,10,227,1,17.3,15,93,4,18,80,5,176,2663.0
585,11,188,1,17.3,8,103,1,31,80,5,168,2729.0
586,4,239,3,15.6,8,97,8,16,24,2,113,749.01
587,12,415,3,14.0,15,41,5,25,43,5,46,389.0
588,4,281,3,15.6,0,78,8,26,53,5,87,1008.52
589,7,361,3,13.3,8,59,5,4,53,5,49,719.0
590,4,281,3,15.6,8,99,1,16,69,5,81,1537.39
591,4,89,2,11.6,0,36,5,7,41,1,28,295.0
592,11,189,1,17.3,8,93,1,5,93,5,175,2349.0
593,7,315,1,17.3,15,102,1,18,75,5,164,1498.0
594,10,485,4,14.0,15,91,0,16,47,5,50,1673.0
595,10,231,3,15.6,36,106,0,10,53,5,113,609.0
596,2,385,1,17.3,15,77,8,5,79,5,138,1770.0
597,2,434,0,15.6,36,74,8,10,47,5,113,739.0
598,10,206,3,15.6,8,5,0,29,7,5,113,949.0
599,4,237,0,11.6,36,48,5,4,52,5,40,603.0
600,15,310,3,15.6,8,102,1,5,75,5,129,1699.0
601,10,526,3,17.3,8,56,5,26,47,4,144,529.0
602,10,198,3,15.6,0,58,8,10,47,5,112,459.0
603,10,474,0,13.3,13,97,8,29,53,5,38,2025.0
604,10,487,3,14.0,15,77,8,16,55,5,70,1474.0
605,4,278,0,12.5,7,74,8,16,53,5,35,1670.0
606,4,350,5,15.6,7,102,8,16,108,5,92,1763.0
607,7,112,3,15.6,8,97,8,16,53,5,72,1219.0
608,7,363,3,15.6,0,59,5,26,53,5,105,668.48
609,0,57,3,14.0,8,41,5,23,43,5,62,329.0
610,11,272,1,17.3,8,93,1,5,91,5,168,2199.0
611,4,547,3,15.6,0,56,5,10,22,2,102,465.0
612,11,177,1,15.6,6,102,1,20,79,5,78,2299.0
613,16,451,3,15.6,15,89,8,16,47,5,113,1399.0
614,10,203,3,15.6,8,74,7,10,53,5,124,564.0
615,10,586,0,15.6,13,102,8,16,55,5,148,1299.0
616,0,432,3,14.0,0,112,5,2,42,5,62,349.0
617,10,480,3,15.6,12,116,4,12,104,5,129,4899.0
618,4,254,1,15.6,8,92,1,10,88,5,128,879.01
619,4,547,3,15.6,0,54,5,10,47,2,102,443.9
620,4,239,3,15.6,0,54,5,10,47,2,110,359.0
621,4,281,3,15.6,0,78,5,26,53,2,81,869.0
622,2,138,1,17.3,8,102,8,5,75,5,166,1168.0
623,4,547,3,15.6,8,74,5,4,22,2,102,569.0
624,7,112,4,15.6,8,97,8,29,53,5,72,1389.0
625,11,184,1,15.6,8,102,1,18,80,5,145,2267.86
626,0,88,0,11.6,27,40,5,23,41,1,27,379.0
627,7,366,3,14.0,0,78,8,16,53,5,114,1124.0
628,10,467,3,14.0,8,68,8,16,47,7,60,1465.0
629,4,247,3,15.6,8,83,5,10,7,5,113,776.0
630,5,296,3,15.6,0,74,8,16,53,5,113,799.0
631,7,112,3,15.6,0,68,5,26,47,7,76,932.0
632,10,209,3,15.6,8,97,8,10,66,5,113,899.0
633,12,413,3,14.0,8,30,3,23,40,5,50,239.0
634,10,210,3,15.6,8,74,5,4,53,4,113,468.0
635,2,374,0,13.3,7,74,7,10,53,5,56,639.01
636,4,577,3,15.6,8,102,8,16,75,5,148,1820.0
637,2,599,4,14.0,8,97,1,29,53,5,21,1900.0
639,4,256,1,15.6,8,102,1,18,76,5,130,1479.0
640,10,528,3,15.6,8,83,5,16,61,5,78,829.0
641,10,232,3,15.6,8,56,5,10,67,5,113,579.0
642,2,560,3,15.6,0,37,8,10,43,5,148,399.0
643,2,539,3,15.6,8,77,8,10,75,5,86,906.62
644,4,576,4,13.3,31,83,8,16,61,5,24,1869.0
645,10,196,3,14.0,0,36,3,23,41,5,43,249.0
646,10,494,0,13.3,13,97,8,16,53,5,38,1757.42
647,4,577,3,15.6,5,102,1,12,75,5,92,2399.0
648,10,291,1,15.6,15,102,8,5,77,5,129,1109.0
649,7,39,3,17.0,2,14,8,10,17,5,135,520.9
650,10,472,4,14.0,15,97,1,29,53,5,15,2450.0
651,2,383,1,15.6,15,102,8,10,76,4,129,1169.0
652,0,127,3,15.6,0,56,5,26,47,5,124,450.0
653,10,196,3,14.0,0,36,5,23,40,5,44,274.0
654,0,430,4,14.0,15,74,8,16,39,5,78,919.0
655,14,85,1,14.0,8,102,1,16,79,5,83,2599.0
656,16,340,3,13.3,8,68,8,16,47,5,32,1213.0
657,10,493,4,12.5,15,97,8,16,53,5,37,1584.0
658,2,379,1,17.3,15,93,4,29,82,5,165,2799.0
659,0,54,1,15.6,8,77,8,10,75,2,124,709.0
660,4,576,4,13.3,8,83,8,16,61,5,32,1449.9
661,11,162,1,15.6,8,102,8,5,76,5,113,1191.8
662,7,50,3,15.6,0,56,5,26,47,4,74,364.9
663,16,442,3,15.6,15,74,8,26,53,5,96,1064.0
664,4,247,3,15.6,8,106,8,16,7,5,113,919.0
665,4,247,3,15.6,8,106,1,20,7,5,113,1135.0
666,10,225,1,15.6,15,92,8,5,87,5,154,1196.0
667,4,56,1,17.3,12,102,4,31,80,5,173,3147.37
668,4,290,3,14.0,8,71,8,16,47,5,53,1229.0
669,10,229,3,15.6,0,37,5,26,43,5,113,419.0
670,10,211,3,15.6,8,68,5,26,47,5,113,535.0
671,7,14,3,15.6,3,56,7,10,24,5,90,539.0
672,11,172,1,17.3,8,102,8,5,79,5,142,1486.77
673,16,411,3,15.6,0,57,5,4,47,5,105,498.0
674,4,277,3,15.6,8,74,8,10,53,5,92,955.0
675,7,19,3,15.6,8,97,8,10,7,5,105,745.0
676,16,452,3,15.6,15,74,8,16,53,5,96,1258.0
677,0,58,3,15.6,0,56,5,4,47,2,105,412.0
678,13,429,4,13.5,37,99,8,16,58,6,26,1867.85
679,10,525,3,15.6,8,74,8,5,24,5,79,817.95
680,10,585,0,13.3,13,74,8,16,53,5,41,1034.0
681,10,207,3,15.6,0,21,5,4,13,5,113,349.0
682,7,329,0,14.0,13,59,5,4,72,5,58,699.0
683,11,165,1,15.6,8,102,1,18,75,5,124,1294.0
684,2,611,4,14.0,8,74,8,16,53,5,21,1135.0
685,7,102,0,11.6,36,37,8,35,43,1,50,495.0
686,9,195,4,15.6,15,106,8,29,53,5,10,2299.0
687,0,80,1,15.6,8,77,1,16,76,5,129,1299.0
688,11,192,1,15.6,8,77,8,16,75,5,113,997.9
689,2,268,3,15.6,0,37,5,4,43,5,74,419.0
690,4,55,1,15.6,8,77,1,5,79,5,151,2051.0
691,7,46,3,17.3,15,56,5,16,19,5,129,699.0
692,10,587,0,13.3,13,106,8,29,61,5,20,1499.0
693,4,55,1,15.6,8,103,1,18,80,5,158,2813.75
694,7,50,3,15.6,0,74,5,26,6,5,74,612.61
695,4,239,3,15.6,0,56,5,10,24,5,113,545.67
696,7,43,3,17.3,15,0,7,22,29,5,132,569.0
697,10,506,3,15.6,0,33,5,26,45,5,105,318.0
698,0,91,3,14.0,0,33,5,23,45,1,46,375.0
699,10,221,3,14.0,8,74,5,16,53,5,70,699.0
700,7,595,5,17.3,8,102,8,26,101,5,150,1907.99
701,10,472,0,14.0,39,97,8,16,53,5,43,2590.0
702,16,411,3,13.3,15,74,8,16,53,5,56,973.0
703,0,496,2,11.6,0,34,5,23,40,5,50,269.0
704,10,590,0,14.0,7,97,1,29,53,5,39,1749.0
705,2,99,0,12.5,7,49,5,35,46,1,32,669.0
706,16,346,4,13.3,7,89,1,29,47,5,37,1877.0
707,7,18,3,15.6,15,97,5,26,7,5,105,689.0
708,4,248,1,15.6,8,77,8,10,75,5,126,819.0
709,10,207,3,15.6,8,13,5,16,7,5,113,399.0
710,10,206,3,15.6,0,5,8,10,25,5,113,429.0
711,10,516,3,15.6,8,74,5,11,53,5,105,621.45
712,10,522,3,15.6,0,56,5,26,47,4,79,450.0
713,4,551,3,15.6,8,74,8,16,53,5,102,795.0
714,0,423,0,13.3,13,83,8,16,61,5,62,999.0
715,10,463,5,15.6,8,89,1,29,107,7,102,1855.0
716,10,484,3,14.0,8,70,8,16,47,5,78,1191.0
717,7,45,3,17.3,15,1,7,22,7,5,136,655.01
718,10,291,1,15.6,15,102,8,5,76,5,129,1249.0
719,4,279,3,14.0,8,79,8,16,69,2,59,1089.0
720,4,551,3,15.6,8,74,8,10,53,2,85,726.0
721,2,535,3,14.0,8,37,5,23,43,5,56,298.0
722,4,281,3,15.6,8,78,1,29,53,5,81,1426.66
723,10,476,3,14.0,15,74,8,16,66,5,75,857.07
724,4,281,3,15.6,8,78,8,16,53,5,87,1179.0
725,10,0,3,15.6,0,7,5,26,15,5,104,298.0
726,12,416,3,14.0,16,28,5,24,41,5,50,265.0
727,7,364,3,17.3,8,97,8,16,69,5,131,1200.0
728,10,472,4,14.0,20,89,8,29,47,5,18,1686.64
729,7,329,0,13.3,27,74,8,16,53,5,54,836.6
730,10,469,4,14.0,15,74,8,16,53,5,34,1499.0
731,4,56,1,17.3,6,102,4,13,80,5,171,3659.4
732,11,164,1,17.3,8,102,8,5,76,5,142,1348.48
733,10,517,3,15.6,0,74,5,10,53,4,87,489.9
734,4,247,3,15.6,8,83,8,5,7,5,113,719.0
735,4,243,0,13.3,7,59,5,10,53,5,64,649.0
736,4,245,3,15.6,0,74,8,10,30,2,115,589.52
737,7,11,3,15.6,8,14,5,10,6,5,105,489.0
738,0,355,1,17.3,15,92,1,5,79,5,169,1935.0
739,4,239,3,15.6,0,74,0,10,53,5,110,649.0
740,7,12,3,15.6,8,15,7,5,6,5,105,650.0
741,0,128,3,15.6,0,74,5,26,53,5,124,559.0
742,10,453,3,13.3,15,74,8,16,53,5,45,960.0
743,10,519,3,15.6,8,97,5,10,53,5,73,779.0
744,7,593,5,15.6,8,102,1,16,103,5,135,2419.0
745,4,244,0,13.3,7,83,8,10,61,5,52,659.0
746,11,177,1,15.6,8,102,1,18,79,5,78,2094.48
747,0,76,3,15.6,0,56,5,26,47,5,124,410.8
748,4,255,3,15.6,8,97,8,5,72,5,96,1207.0
749,4,547,3,15.6,0,56,8,16,47,5,148,665.0
750,16,443,3,14.0,13,74,8,16,53,5,27,1535.0
751,10,144,0,14.0,7,74,8,16,53,5,70,999.0
752,10,481,5,15.6,12,99,1,12,107,5,129,3299.0
753,0,91,3,14.0,0,36,3,23,41,1,61,330.0
754,15,309,4,13.3,8,97,1,16,53,5,1,1649.0
755,7,50,3,15.6,8,56,8,16,47,5,74,539.0
757,4,279,3,14.0,0,74,8,16,53,5,62,1126.71
758,7,598,5,17.3,15,115,1,16,102,7,166,4389.0
759,10,304,2,11.6,36,36,5,4,41,5,50,475.0
760,7,112,3,15.6,8,71,8,16,47,5,72,1900.0
761,2,566,3,15.6,0,70,5,10,86,4,123,579.0
762,10,483,4,14.0,8,68,5,9,47,5,70,1096.0
763,2,358,3,15.6,0,97,5,16,53,5,119,849.9
764,10,588,0,13.3,19,69,8,16,50,5,41,1199.0
765,7,35,3,15.6,15,77,8,5,75,5,113,1099.0
766,7,593,5,15.6,8,92,8,16,100,7,128,1561.0
767,4,56,1,15.6,12,102,1,18,80,5,173,2868.99
768,0,58,3,15.6,0,74,5,16,53,5,105,599.0
769,10,291,1,15.6,15,102,8,5,75,5,129,1048.0
770,4,283,4,12.5,8,99,1,16,53,5,19,1859.0
771,6,331,4,12.3,38,82,8,16,52,1,21,1559.0
772,2,613,4,13.3,21,74,8,16,53,5,32,1129.0
773,4,274,3,13.3,0,56,5,26,47,5,60,849.0
774,0,497,3,13.3,0,68,5,4,47,5,62,655.0
775,2,573,3,17.3,0,113,5,10,66,5,144,470.34
776,4,254,1,15.6,26,92,1,5,89,5,137,1099.0
777,15,309,4,13.3,7,97,8,16,53,5,33,1599.0
778,0,61,3,15.6,0,113,5,10,44,2,105,298.0
779,4,245,3,15.6,8,97,1,16,30,5,121,1181.27
780,15,309,0,15.0,7,97,1,16,8,5,64,1799.0
781,16,436,3,14.0,9,68,5,4,47,5,66,1020.0
782,4,256,1,15.6,8,102,8,10,75,5,130,1099.0
783,7,110,4,12.5,0,68,5,16,47,5,28,1244.0
784,2,375,0,15.6,7,97,0,22,72,5,121,839.0
785,10,479,3,15.6,6,94,1,29,102,7,129,2370.0
786,0,430,3,14.0,15,59,5,4,53,5,78,636.0
787,14,85,1,14.0,8,102,1,29,79,5,83,2899.0
788,2,544,3,15.6,3,110,8,4,44,5,148,581.9
789,4,56,1,17.3,15,102,4,13,81,5,173,3588.8
790,2,390,1,17.3,15,92,1,18,80,5,172,2350.0
791,16,449,4,14.0,15,91,1,29,68,5,47,1764.0
792,10,197,3,15.6,0,42,8,10,42,4,113,329.0
793,10,469,4,14.0,8,97,1,29,53,5,70,2299.0
794,11,174,1,14.0,15,102,1,18,79,5,62,1891.0
795,11,159,1,15.6,8,77,8,5,75,5,113,1089.0
796,10,291,1,15.6,15,102,5,10,75,5,124,999.0
797,0,356,1,17.3,15,102,1,18,79,5,169,2299.0
798,4,256,1,15.6,8,77,8,16,75,5,130,985.0
799,2,132,1,15.6,8,102,8,5,95,5,109,1339.0
800,17,263,3,14.0,3,37,5,23,43,5,23,202.9
801,10,474,0,13.3,13,97,8,29,53,5,38,1970.0
802,10,582,0,15.6,7,74,8,16,31,5,94,959.0
803,1,298,4,12.0,22,44,8,28,49,3,3,1165.0
804,10,472,0,14.0,30,74,8,16,53,5,43,2330.0
805,2,377,3,14.0,0,37,5,23,43,5,58,299.0
806,4,277,3,15.6,0,74,8,4,53,5,83,810.0
807,10,590,0,13.9,13,97,8,16,53,5,39,1349.0
808,4,551,3,15.6,8,56,8,16,23,5,148,739.0
809,7,595,5,15.6,8,102,8,16,103,5,150,2064.9
810,2,360,3,15.6,8,74,8,16,53,5,119,1099.0
811,4,576,4,13.3,8,74,8,16,53,5,31,1499.0
812,4,577,3,15.6,5,77,8,16,75,5,92,1749.0
813,4,273,2,11.6,0,113,5,4,44,5,58,744.0
814,7,110,2,12.5,0,78,8,16,53,5,28,1389.0
815,16,411,3,15.6,0,68,5,26,47,5,105,780.0
816,7,15,3,15.6,0,3,8,22,26,5,90,629.0
817,4,256,1,15.6,6,102,1,29,76,5,130,1679.0
818,10,203,3,15.6,8,74,5,10,65,5,124,609.0
819,7,319,1,17.3,15,102,0,10,37,5,163,1749.0
820,11,152,1,17.3,8,102,1,31,80,5,147,2415.0
821,15,309,4,13.3,8,74,8,16,53,5,1,1499.0
822,4,551,3,15.6,8,97,8,10,74,5,85,961.0
823,4,547,3,15.6,8,74,8,16,22,5,102,789.81
824,10,488,4,14.0,8,97,8,16,53,5,34,1859.0
825,14,86,4,12.5,11,96,1,29,53,5,31,1799.0
826,7,89,2,11.6,0,36,5,7,41,1,24,385.0
827,4,56,1,17.3,15,102,1,5,79,5,171,2505.02
828,4,275,3,14.0,0,68,5,26,47,5,67,755.0
829,10,510,3,15.6,0,56,5,26,47,5,105,489.9
830,16,445,4,14.0,0,74,5,4,53,5,27,1090.0
831,10,491,4,14.0,15,97,8,29,53,5,14,2499.0
832,11,160,1,15.6,8,77,8,16,75,5,124,1199.0
833,10,472,4,14.0,15,74,8,15,53,5,14,1875.0
834,16,411,3,14.0,0,108,5,4,45,5,66,499.0
835,2,600,0,13.3,34,74,8,16,53,5,21,1358.0
836,4,275,3,14.0,0,56,5,26,47,5,67,585.0
837,0,89,2,11.6,9,36,5,23,41,1,36,355.0
838,0,430,3,14.0,15,59,8,4,53,5,56,619.0
839,14,85,1,17.3,5,103,4,29,82,5,158,5499.0
840,10,491,4,14.0,20,91,1,29,47,5,21,2099.0
841,2,538,3,15.6,8,74,5,10,64,2,105,519.0
842,10,483,3,14.0,8,68,8,16,47,5,70,1186.0
843,10,469,3,14.0,15,78,8,16,53,5,34,1650.0
844,4,55,1,15.6,8,102,1,18,80,5,151,2774.63
845,2,401,1,17.3,8,102,1,18,80,5,147,2419.0
846,16,411,3,15.6,0,59,5,26,53,5,96,669.0
847,10,305,3,14.0,0,40,5,7,41,1,56,325.0
848,2,378,3,15.6,8,74,8,3,53,5,121,590.0
849,2,399,1,17.3,8,92,1,31,79,5,138,1799.0
851,4,56,1,17.3,15,102,4,31,80,5,173,3072.89
852,7,364,3,17.3,2,74,8,10,69,5,131,910.0
853,4,547,3,15.6,0,74,8,4,53,5,102,713.99
854,7,111,4,14.0,8,89,8,29,47,7,51,1870.0
855,4,547,3,15.6,8,97,5,16,22,5,102,739.0
856,7,102,0,11.6,36,37,5,23,43,1,50,615.0
857,2,605,4,13.3,15,68,8,29,71,5,46,1026.0
858,7,114,0,13.3,7,74,8,16,53,5,30,2277.0
859,7,111,4,14.0,8,89,8,29,47,5,51,1468.0
860,7,50,3,15.6,0,36,5,4,41,4,74,299.0
862,2,393,1,15.6,8,102,1,5,79,5,105,1899.0
863,4,251,3,17.3,8,97,8,10,30,2,143,865.0
864,10,468,4,14.0,15,102,8,16,74,5,84,1903.0
865,2,265,3,15.6,15,97,8,16,83,5,121,787.0
866,4,281,3,15.6,8,74,8,4,53,5,87,945.0
867,2,557,3,15.6,0,113,5,10,44,5,148,449.0
868,7,114,0,13.3,7,99,8,16,53,5,30,2559.0
869,4,241,3,13.3,7,68,8,10,47,5,57,649.0
870,10,198,3,15.6,8,54,5,10,47,4,113,469.0
871,10,456,3,15.6,15,74,8,10,53,5,121,850.66
872,7,112,3,15.6,8,78,8,16,32,5,72,1349.0
873,16,338,3,13.3,8,74,5,4,53,5,8,1285.0
874,10,291,1,15.6,15,77,8,10,75,4,129,1017.0
875,4,576,4,13.3,31,100,1,29,58,5,31,2240.0
876,7,370,3,15.6,8,68,5,26,47,5,93,910.0
877,16,348,4,13.3,0,68,8,16,47,5,32,1095.0
878,10,474,0,13.3,13,97,8,16,53,5,38,1950.0
879,0,433,3,14.0,15,74,8,16,53,5,53,902.0
880,4,350,5,15.6,8,102,8,10,108,5,108,1778.0
881,10,460,3,15.6,0,74,5,26,53,5,120,1055.0
882,10,198,3,15.6,8,56,5,10,24,4,113,479.0
883,16,441,3,15.6,15,97,8,16,53,5,96,1388.0
884,10,475,3,13.3,15,59,5,9,53,5,45,735.0
885,15,309,4,15.0,8,97,1,16,72,5,24,1849.0
886,4,283,4,12.5,8,99,8,16,53,5,62,1690.0
887,2,559,3,15.6,0,113,5,10,44,2,148,398.99
888,18,303,4,13.3,15,68,8,16,72,5,30,935.0
889,4,551,3,15.6,8,74,5,5,72,5,102,912.5
890,7,363,3,15.6,8,74,5,16,53,5,90,839.0
891,7,114,0,13.3,7,74,5,16,53,5,30,1700.0
892,7,330,0,15.6,36,74,5,26,53,5,121,684.8
893,2,537,3,14.1,0,37,5,23,43,5,60,348.0
894,10,218,3,15.6,15,89,8,10,72,5,113,669.0
895,4,238,3,15.6,0,112,5,26,40,5,113,369.0
896,7,114,0,13.3,7,74,5,16,53,5,30,1799.0
897,4,547,3,15.6,0,54,5,10,23,2,102,455.7
898,2,405,1,17.3,8,77,0,5,75,5,113,1369.9
899,0,95,2,11.6,9,36,5,23,41,1,27,297.0
900,10,199,3,17.3,2,6,5,26,14,5,144,379.0
901,7,372,3,14.0,8,74,5,4,53,5,83,1265.0
902,7,126,0,13.3,31,97,1,16,53,5,43,1399.0
903,15,309,4,15.0,8,97,8,16,53,5,18,1699.0
904,10,469,4,14.0,15,74,8,16,53,5,34,1799.0
905,11,182,1,17.3,12,92,1,33,79,5,122,2649.0
906,16,337,3,13.3,8,74,8,16,53,5,8,1475.0
908,4,256,1,15.6,8,102,8,10,78,2,130,929.0
909,7,363,3,15.6,8,97,8,10,69,5,90,900.0
910,4,547,3,15.6,0,54,5,10,23,5,102,614.0
911,4,281,3,15.6,8,78,8,26,53,5,87,935.0
912,4,576,0,13.3,31,105,8,29,52,5,25,2013.1
913,2,146,1,17.3,15,93,4,19,93,5,161,1279.0
914,4,576,0,13.3,7,105,1,16,52,5,23,1649.0
915,10,472,4,14.0,15,97,8,15,53,5,14,2049.0
916,10,471,3,15.6,15,74,8,29,53,5,83,1962.99
917,9,194,4,15.6,13,97,1,29,53,5,9,2099.0
918,7,116,2,12.5,8,97,8,29,53,5,28,1483.0
919,0,98,3,15.6,15,32,5,7,40,1,106,359.0
920,10,225,3,15.6,15,70,8,5,89,5,135,789.0
922,9,193,4,14.0,13,97,8,29,53,5,6,1899.0
923,4,279,3,14.0,8,79,8,16,53,5,62,1205.0
924,7,119,4,12.5,5,47,8,14,46,5,10,3100.0
925,10,217,3,15.6,8,97,7,16,72,5,113,789.0
926,7,363,3,15.6,8,97,8,16,69,5,90,1018.99
927,0,70,3,15.6,8,59,5,10,53,5,124,499.0
928,10,453,3,13.3,8,74,5,4,53,5,45,881.0
930,7,368,3,13.3,8,74,8,16,53,5,49,960.0
931,11,153,1,17.3,8,102,1,18,76,5,142,1599.0
932,4,256,1,15.6,8,102,1,5,76,5,135,1349.0
933,11,160,1,15.6,8,77,8,5,75,5,113,1119.91
934,4,547,3,15.6,0,74,5,10,22,5,102,684.99
935,7,112,4,15.6,8,89,8,16,28,5,72,1296.99
936,7,122,4,13.3,31,97,8,16,53,5,40,1149.0
937,16,450,3,15.6,15,91,1,16,68,5,124,1975.0
938,10,474,0,13.3,13,74,8,29,53,5,38,1825.0
939,4,277,3,15.6,0,68,5,26,47,5,83,729.9
940,10,493,4,12.5,15,97,8,16,53,5,37,1650.0
941,7,373,3,15.6,8,68,8,16,47,5,114,1165.0
942,4,547,3,15.6,0,74,5,10,53,5,102,708.06
943,7,365,3,14.0,0,68,5,26,47,5,83,1149.0
944,10,208,3,15.6,0,113,5,10,44,5,113,309.0
945,7,110,4,12.5,8,68,5,26,47,5,28,1579.0
946,7,50,3,15.6,0,36,5,10,41,4,74,288.9
947,10,588,0,13.3,19,90,1,12,56,5,41,1799.0
948,16,446,3,14.0,15,68,5,4,47,5,47,1105.0
949,7,110,2,12.5,8,68,8,16,47,5,28,1669.0
950,4,547,3,15.6,0,54,5,10,47,5,102,558.6
951,11,168,1,15.6,8,102,8,5,75,5,113,1199.0
952,4,285,4,14.0,8,74,8,16,53,5,37,1639.0
953,4,56,1,17.3,4,93,1,31,82,5,171,2758.0
954,7,316,1,17.3,15,70,8,5,90,5,139,1399.0
955,2,575,3,17.3,2,112,5,10,66,5,144,530.0
956,0,498,3,15.6,0,74,5,26,53,5,108,619.0
957,16,438,3,15.6,0,68,8,16,47,5,113,1119.0
958,10,584,0,11.3,13,53,8,16,46,5,21,1299.0
959,10,224,1,15.6,15,23,1,31,33,5,129,999.0
960,4,283,4,12.5,7,74,8,16,40,5,37,1472.2
961,10,203,3,15.6,8,97,8,10,66,4,113,685.0
962,4,262,3,17.3,2,54,5,10,30,5,118,659.0
963,0,91,3,14.0,0,36,5,23,41,1,61,349.0
964,7,596,5,15.6,15,94,8,38,100,5,96,2249.0
965,4,285,4,14.0,8,99,8,16,53,5,37,1775.0
966,16,345,3,13.3,8,68,8,16,47,7,32,1460.0
967,2,99,0,12.5,8,50,8,35,46,1,32,1159.0
968,10,483,4,14.0,15,91,8,16,47,5,70,1488.99
969,4,56,1,17.3,12,102,1,31,80,5,171,3154.0
970,4,576,0,13.3,7,81,8,16,52,5,25,1899.0
971,7,367,0,11.6,36,113,5,16,44,5,46,775.0
972,4,576,4,13.3,32,89,8,16,47,5,41,1268.0
973,0,96,0,11.6,27,36,5,23,41,1,27,389.0
974,16,343,3,13.3,8,71,8,16,47,5,32,1535.0
975,10,473,4,12.5,15,78,8,16,53,5,37,1760.0
976,0,78,3,15.6,8,74,0,5,86,5,124,1009.0
977,16,333,4,12.5,7,97,8,29,53,5,21,1790.0
978,7,363,3,15.6,0,73,8,10,69,5,90,846.5
979,4,239,3,15.6,0,54,5,10,24,2,110,465.62
980,4,281,3,15.6,0,74,5,26,53,5,87,825.0
981,7,363,3,15.6,8,59,5,26,53,5,90,685.0
982,4,56,1,17.3,15,102,4,18,80,5,173,3149.0
983,10,203,3,15.6,8,74,7,16,66,5,124,695.0
984,4,576,0,13.3,31,105,1,29,52,5,23,1899.0
985,4,290,4,14.0,39,91,8,16,47,5,56,1962.98
986,4,56,1,17.3,8,92,4,18,80,5,173,2800.0
987,16,435,3,14.0,8,68,8,16,47,5,83,1180.0
988,2,408,1,17.3,8,102,1,18,79,5,138,2049.9
989,7,370,3,15.6,15,75,8,5,69,5,90,979.0
990,10,465,3,14.0,0,68,5,27,47,7,63,1002.0
991,2,376,0,15.6,5,97,1,33,86,5,121,1799.0
992,7,26,3,15.6,0,97,7,10,53,5,90,579.0
993,2,406,1,17.3,8,102,1,18,76,5,146,1749.0
994,4,259,0,15.6,13,97,0,29,53,5,104,1299.0
995,16,344,3,13.3,8,68,5,4,47,7,32,1195.0
996,10,206,3,15.6,8,5,7,16,7,5,113,549.0
997,5,295,3,15.6,0,68,5,16,47,5,121,649.0
998,16,437,3,14.0,0,68,5,26,47,5,66,915.0
999,4,239,3,15.6,0,74,5,26,24,5,110,599.0
1000,7,370,3,15.6,8,74,8,10,53,5,90,806.0
1001,10,291,1,15.6,15,102,8,5,79,5,129,1189.0
1002,4,245,3,15.6,0,97,8,10,30,5,118,749.0
1003,4,279,3,14.0,8,74,8,4,54,5,62,1119.0
1004,7,113,2,12.5,8,47,8,29,46,5,5,1908.0
1005,7,17,3,15.6,8,56,5,5,6,5,105,499.0
1006,10,503,3,15.6,0,37,5,4,43,4,87,270.62
1007,10,470,3,15.6,8,68,8,16,47,5,121,1349.0
1008,4,243,0,13.3,7,74,8,16,53,5,61,889.0
1009,2,603,3,13.3,32,74,8,16,53,5,50,1150.0
1010,7,418,4,13.3,13,97,8,16,53,5,12,1349.0
1011,0,75,3,15.6,0,113,5,26,44,5,124,380.0
1012,2,397,1,15.6,8,102,1,18,76,5,129,1799.0
1013,7,111,4,14.0,8,97,8,29,53,5,48,2089.0
1014,0,306,1,15.6,15,102,8,5,75,5,142,1260.0
1015,7,106,3,13.3,15,74,8,16,53,5,35,1189.0
1016,4,547,3,15.6,0,59,5,4,53,5,102,547.0
1017,7,369,3,14.0,0,74,5,26,53,5,59,779.0
1018,16,339,3,13.3,8,68,5,4,47,5,32,1195.0
1019,7,111,3,14.0,0,71,5,16,47,5,48,1099.99
1020,7,365,3,14.0,8,74,5,16,53,5,83,1205.0
1021,7,109,4,14.0,8,91,8,16,47,7,44,1449.0
1022,7,362,3,14.0,8,74,8,16,69,5,59,1049.26
1023,7,369,3,14.0,0,59,5,26,53,5,59,684.0
1024,4,256,1,15.6,8,77,8,1,75,5,132,949.0
1025,7,110,4,12.5,8,74,5,26,53,5,28,1539.0
1026,7,117,3,14.0,8,74,5,16,53,5,48,1590.0
1027,7,111,4,14.0,8,89,8,16,47,5,51,1887.21
1028,7,368,3,13.3,0,59,5,26,53,5,49,800.0
1029,16,332,3,13.3,0,68,8,16,47,5,56,1210.0
1030,7,363,3,15.6,0,59,5,16,53,5,90,769.99
1031,10,464,3,17.3,12,94,1,29,99,7,124,2968.0
1032,16,447,3,14.0,15,68,8,16,47,5,47,1490.0
1033,7,109,3,14.0,8,89,8,16,47,5,44,2229.0
1034,4,246,0,15.6,13,58,5,10,47,5,94,795.99
1035,16,347,4,13.3,8,68,8,16,47,5,32,1590.0
1036,7,417,3,13.3,15,74,8,16,53,5,12,1149.0
1037,7,362,3,14.0,8,97,8,16,69,5,59,1185.43
1038,4,288,3,15.6,8,71,8,26,47,5,95,1046.44
1039,7,116,4,12.5,0,74,5,16,53,5,28,1559.0
1040,7,366,3,14.0,0,74,5,26,53,5,114,1189.0
1041,7,365,3,14.0,0,74,5,26,53,5,83,1060.0
1042,4,576,4,13.3,31,74,8,16,53,5,31,1624.0
1043,7,371,3,17.3,8,74,8,16,69,5,131,1080.0
1044,7,362,3,14.0,0,74,5,16,53,5,59,973.0
1045,0,58,3,15.6,0,14,7,10,17,5,105,409.0
1046,11,163,1,17.3,8,102,8,5,75,5,142,1191.8
1047,7,372,3,14.0,8,68,8,16,47,7,83,1195.0
1048,7,112,3,15.6,8,89,8,16,47,5,72,1228.99
1049,7,110,4,12.5,8,89,8,16,47,5,28,1349.0
1050,7,363,3,15.6,0,74,5,26,53,5,90,742.0
1051,16,448,4,14.0,15,91,8,16,47,5,47,1725.0
1052,4,288,3,15.6,8,71,8,16,47,7,95,1062.95
1053,7,362,3,14.0,8,74,8,16,53,5,59,1010.51
1054,10,581,0,15.6,13,89,5,16,47,5,78,847.0
1055,17,515,3,14.0,0,27,3,23,41,5,46,210.8
1056,16,439,3,15.6,15,89,1,16,68,5,124,1425.0
1057,10,478,3,15.6,8,68,8,16,47,5,121,1049.6
1058,7,111,3,14.0,8,68,5,26,47,5,51,1000.0
1059,7,112,3,15.6,8,71,8,21,47,5,72,2103.34
1060,7,109,3,14.0,8,68,8,16,47,7,44,1469.0
1061,11,185,1,17.3,15,93,1,18,93,5,164,1545.64
1062,10,226,1,17.3,15,92,1,5,93,5,176,2289.99
1063,2,94,2,11.6,0,36,5,7,41,1,32,287.9
1064,10,472,3,14.0,10,91,1,16,47,7,21,2620.0
1065,7,308,3,15.6,15,97,8,10,72,5,80,979.0
1066,4,249,0,15.6,13,76,8,16,53,5,121,1094.0
1067,7,363,3,15.6,0,74,5,16,53,5,90,979.0
1068,4,576,4,13.3,31,97,1,12,53,5,32,2254.0
1069,7,366,3,15.6,0,58,5,26,47,5,114,705.15
1070,7,49,3,15.6,0,74,5,26,53,4,84,499.0
1071,0,73,3,15.6,0,11,8,10,17,5,124,449.0
1072,4,253,0,13.3,13,97,0,16,53,5,62,1299.0
1073,11,183,1,15.6,8,92,1,18,79,5,145,1819.0
1074,7,363,3,15.6,8,97,8,16,53,5,90,1070.0
1075,2,388,1,17.3,15,92,1,10,90,4,178,998.0
1076,4,239,3,15.6,8,74,5,10,40,5,110,559.0
1077,4,245,3,15.6,8,97,1,22,30,5,115,989.99
1079,11,176,1,15.6,8,92,1,18,79,5,78,1929.0
1080,4,576,4,13.3,8,97,8,16,53,5,31,1458.0
1081,2,380,1,17.3,15,93,6,12,92,5,161,3975.0
1082,4,241,0,13.3,7,89,8,16,47,5,57,798.01
1083,4,55,1,15.6,6,92,1,18,91,5,151,1329.0
1084,1,298,4,12.0,22,43,8,15,46,3,3,1300.0
1085,4,276,3,15.6,0,58,5,26,47,5,92,481.98
1086,7,366,3,15.6,0,68,5,26,47,5,114,1199.0
1087,7,110,4,12.5,8,68,8,16,47,7,28,1199.0
1088,7,361,3,13.3,8,97,8,16,53,5,49,1090.0
1089,10,474,4,12.5,13,89,8,16,47,5,41,1713.49
1090,10,201,3,17.3,2,68,8,0,21,5,149,659.0
1091,10,235,3,15.6,15,70,5,10,86,5,121,977.0
1092,11,186,1,17.3,8,102,1,18,80,5,164,2499.0
1093,10,513,3,15.6,0,68,5,26,47,5,105,540.0
1094,7,373,3,15.6,8,68,5,26,47,7,114,940.0
1095,10,589,4,12.5,30,47,8,29,46,5,7,1399.0
1096,10,226,1,17.3,15,93,4,30,93,5,176,3240.0
1097,10,592,0,10.1,28,31,5,35,41,5,0,646.27
1098,7,421,4,13.3,12,97,1,29,53,5,41,2049.0
1099,4,547,3,15.6,8,74,8,16,53,5,102,750.0
1100,7,111,3,14.0,8,68,5,26,47,7,51,1030.99
1101,7,594,5,15.6,8,89,8,16,0,7,87,1495.0
1102,10,465,3,14.0,8,68,8,9,47,7,70,1199.0
1103,7,90,3,13.3,32,109,5,23,46,1,31,615.0
1104,0,73,3,15.6,0,11,5,26,17,5,124,387.0
1105,4,238,3,15.6,0,111,5,26,40,2,113,393.49
1106,7,50,3,15.6,0,56,5,10,47,4,74,345.99
1107,2,400,1,17.3,15,102,8,18,79,5,142,1599.0
1108,4,242,4,13.3,15,83,5,16,7,5,50,818.35
1109,7,116,2,12.5,0,68,5,4,47,7,124,1599.0
1110,0,77,3,15.6,8,74,8,18,86,5,124,799.0
1111,4,245,3,15.6,8,74,8,10,30,5,118,638.8
1112,11,179,1,17.3,8,92,8,16,90,5,135,1599.0
1113,7,49,3,15.6,0,112,5,10,42,5,84,500.0
1114,2,147,1,17.3,15,92,1,5,93,5,172,2299.0
1115,4,286,4,12.5,0,58,5,26,47,7,56,1135.15
1116,4,286,4,12.5,0,58,5,4,47,7,56,1166.97
1117,0,92,3,15.6,0,32,5,8,40,1,106,209.0
1118,7,595,5,17.3,15,92,8,10,3,7,149,2899.0
1119,10,291,1,15.6,8,102,1,29,76,5,124,1199.0
1120,4,286,4,12.5,0,68,8,16,47,7,56,1413.1
1121,11,151,1,17.3,8,92,8,5,89,5,147,1511.19
1122,10,581,0,15.6,13,68,5,16,47,5,105,867.0
1123,7,34,3,15.6,8,8,5,10,15,5,105,398.0
1124,2,395,1,15.6,15,92,1,5,89,5,128,1339.0
1125,7,108,3,13.3,31,46,8,16,46,5,17,1699.0
1126,4,546,3,15.6,0,68,5,26,20,7,109,769.15
1127,10,507,3,15.6,0,54,5,4,47,5,105,429.0
1128,7,419,4,13.3,8,89,8,29,47,5,17,1969.0
1129,10,592,0,10.1,28,31,5,35,41,0,0,549.0
1130,4,576,4,13.3,8,98,8,16,58,5,24,1379.0
1131,10,226,1,17.3,15,93,1,17,93,5,176,2749.99
1132,14,86,4,12.5,33,89,8,16,47,5,27,1029.0
1133,16,335,4,13.3,8,97,1,29,53,5,8,2226.0
1134,2,403,1,17.3,8,92,8,5,89,5,160,1312.49
1135,17,514,3,13.3,8,27,5,23,41,5,36,196.0
1136,7,419,3,13.3,8,68,8,16,47,5,17,1690.0
1137,7,109,3,14.0,8,68,8,16,47,7,44,1513.0
1138,4,288,3,15.6,0,68,5,26,47,2,95,523.63
1139,2,538,3,15.6,0,59,5,10,53,5,148,435.0
1140,10,474,0,14.0,13,89,8,16,47,5,78,1669.0
1141,10,592,0,10.1,28,31,5,35,41,5,0,479.0
1142,7,110,4,12.5,0,71,8,16,47,7,28,1895.0
1143,10,291,1,15.6,15,77,8,5,79,4,124,989.0
1144,7,311,1,17.3,15,70,8,5,79,5,155,1129.0
1145,7,27,3,15.6,0,97,8,22,53,5,90,629.0
1146,10,461,0,14.0,13,91,8,29,106,7,78,2050.38
1147,2,267,3,14.0,0,37,5,23,43,5,56,278.0
1148,7,50,4,15.6,8,97,8,16,53,5,72,752.0
1149,0,71,3,15.6,8,74,5,10,72,5,108,616.0
1150,10,216,3,15.6,8,89,1,1,27,5,129,1099.0
1151,7,595,5,17.3,15,92,8,16,105,7,166,3949.4
1153,4,245,3,15.6,0,74,8,10,30,5,129,784.0
1154,11,185,1,17.3,8,94,1,18,93,5,164,2399.0
1155,7,112,4,15.6,8,89,8,16,47,7,76,2171.72
1156,10,472,0,14.0,30,91,1,29,47,5,144,2440.0
1157,11,166,1,15.6,8,102,8,5,75,5,124,1142.8
1160,7,419,0,13.3,7,71,8,16,47,5,48,1629.0
1161,7,593,5,15.6,15,92,8,16,100,7,128,2229.0
1162,7,419,0,13.3,39,91,8,16,47,5,48,1799.0
1163,7,596,5,15.6,8,92,8,16,100,7,96,1899.0
1164,7,110,4,12.5,8,88,8,16,47,7,28,2296.95
1165,4,551,3,15.6,8,97,8,16,72,5,102,1009.9
1166,7,112,3,15.6,8,68,8,16,47,7,76,1579.0
1167,10,472,0,14.0,30,89,8,16,47,5,29,2339.0
1168,10,508,3,15.6,0,54,5,10,47,4,87,339.0
1169,7,4,3,15.6,0,17,5,26,13,5,74,297.0
1170,10,82,3,15.6,8,68,8,10,21,4,115,599.0
1171,4,256,1,15.6,8,102,8,10,78,5,130,1199.0
1172,4,577,3,15.6,26,70,8,16,73,5,90,2250.68
1173,7,30,3,15.6,8,10,5,16,6,5,80,478.89
1174,11,170,1,17.3,8,102,1,18,76,5,142,1492.8
1175,10,466,4,14.0,8,91,0,29,47,7,50,2299.0
1176,10,81,3,15.6,8,68,8,1,21,5,129,788.49
1177,7,419,0,13.3,39,91,8,29,47,5,48,2041.0
1178,10,465,4,14.0,8,91,8,16,47,7,70,1499.0
1179,11,173,1,14.0,8,92,1,18,91,5,70,1769.0
1180,7,327,1,15.6,15,102,8,10,75,5,130,899.0
1181,10,204,3,15.6,0,54,8,10,47,5,113,459.0
1182,7,48,3,15.6,0,68,5,26,47,4,105,476.99
1183,4,256,1,15.6,6,102,8,5,76,5,130,1498.0
1184,10,471,3,15.6,15,74,8,16,53,5,83,1390.0
1185,10,52,3,15.6,8,56,5,10,67,5,113,468.0
1186,7,426,3,14.0,0,36,3,23,41,5,45,249.0
1187,11,322,1,15.6,15,97,8,10,75,5,113,839.0
1188,7,49,3,15.6,8,89,8,16,47,5,84,679.0
1189,7,363,3,15.6,8,106,1,29,61,5,105,1159.0
1190,2,567,3,15.6,0,34,5,26,40,5,113,369.0
1191,10,512,3,15.6,0,68,5,26,47,4,105,398.0
1192,10,217,3,15.6,8,97,8,10,72,4,113,709.0
1193,2,499,3,14.0,8,59,5,16,53,5,148,769.0
1194,10,83,3,15.6,8,89,5,1,47,7,115,825.0
1195,10,225,1,15.6,15,92,1,29,87,5,154,1305.0
1196,11,175,1,15.6,8,92,1,5,91,5,80,2153.37
1197,7,363,3,15.6,0,58,5,26,47,5,93,650.0
1198,10,472,0,14.0,30,68,8,16,47,5,37,1637.0
1199,10,203,4,15.6,8,97,7,16,65,5,51,831.0
1200,4,551,3,15.6,8,97,8,16,74,2,85,895.01
1201,0,58,3,15.6,0,39,5,26,43,5,105,333.0
1202,7,325,3,15.6,15,92,7,10,89,5,102,799.0
1203,2,396,1,15.6,15,92,8,18,89,5,127,909.0
1204,4,249,0,15.6,7,97,1,29,53,5,95,1179.0
1205,0,71,3,15.6,8,74,5,16,72,5,108,691.0
1206,4,576,4,13.3,31,71,8,16,47,2,24,1099.0
1207,0,356,1,17.3,15,102,1,18,80,5,169,2599.0
1208,10,291,1,15.6,15,77,8,10,75,5,124,819.0
1209,15,101,0,12.3,29,117,5,23,38,1,16,659.0
1210,7,50,3,15.6,0,74,5,26,53,5,74,485.0
1211,1,298,4,12.0,22,43,8,15,49,3,3,1163.0
1212,4,253,0,13.3,13,74,8,16,53,5,62,1199.0
1213,7,328,3,15.6,15,102,0,5,75,5,107,1327.0
1214,10,509,3,15.6,0,56,5,10,24,4,87,368.0
1215,2,392,1,17.3,15,92,1,31,93,5,172,2150.0
1216,0,58,3,15.6,0,39,5,10,43,2,105,272.0
1217,11,180,1,17.3,8,102,1,18,79,5,122,2048.9
1218,4,245,3,15.6,0,54,5,4,29,5,121,499.0
1219,10,204,3,15.6,0,89,8,26,66,4,113,629.0
1220,4,250,0,15.6,7,106,1,29,61,5,148,1285.0
1221,4,576,4,13.3,31,97,1,29,53,5,32,2680.0
1222,2,131,1,15.6,8,92,8,10,79,5,113,1169.0
1223,4,245,3,15.6,8,74,8,16,30,5,118,889.0
1224,7,25,3,15.6,0,74,8,16,53,5,80,579.0
1225,10,207,3,15.6,0,18,5,26,13,5,113,299.0
1226,0,72,3,17.3,2,54,8,10,72,5,156,629.0
1227,2,408,1,15.6,8,102,1,18,80,5,113,2449.0
1228,1,298,4,12.0,22,44,8,28,46,3,3,1279.0
1229,2,130,3,15.6,8,102,1,5,79,5,113,1749.0
1230,11,182,1,17.3,15,92,1,18,79,5,122,1948.99
1231,4,259,0,15.6,13,74,8,16,53,5,103,999.0
1232,2,385,1,17.3,8,102,1,18,79,5,147,1949.0
1233,0,87,2,11.6,0,32,3,25,40,1,41,174.0
1234,0,105,3,17.3,2,56,5,10,72,5,156,598.0
1235,10,212,3,17.3,2,74,8,10,53,4,144,539.0
1236,10,225,1,15.6,15,92,8,5,88,5,135,1272.0
1237,0,410,0,14.0,13,105,8,16,52,5,32,1149.0
1238,10,489,3,15.6,15,91,8,16,47,5,121,1529.0
1239,11,169,1,15.6,8,92,8,5,79,5,113,1476.11
1240,7,33,3,15.6,8,4,7,10,7,5,105,529.0
1241,4,289,4,12.5,7,71,8,16,47,7,28,1713.37
1242,4,249,0,15.0,7,59,5,26,53,5,94,509.0
1243,2,553,3,15.6,0,112,5,10,42,5,132,309.0
1244,4,576,4,13.3,31,97,8,16,53,5,31,1477.0
1245,4,547,3,15.6,0,74,5,10,47,2,102,521.86
1246,10,225,1,15.6,13,92,1,5,89,5,135,1029.0
1247,11,161,1,15.6,8,102,8,5,75,5,113,1149.0
1248,10,474,2,12.5,13,88,1,29,47,5,41,1650.0
1249,14,85,1,14.0,8,102,1,12,79,5,83,3499.0
1250,4,239,3,15.6,36,59,8,10,53,5,121,469.01
1251,11,154,1,17.3,8,102,1,18,79,5,142,1598.0
1252,1,299,4,11.6,0,62,5,15,51,3,9,959.0
1253,7,23,3,15.6,8,56,5,10,47,5,105,478.0
1254,7,111,4,14.0,4,89,8,16,47,7,51,2198.19
1255,4,546,3,15.6,0,68,5,26,47,7,109,737.0
1256,11,158,1,15.6,8,92,8,5,89,5,121,1169.0
1257,10,453,3,13.3,15,97,1,29,53,5,50,1499.0
1258,10,206,3,15.6,8,5,7,16,7,5,113,597.57
1259,2,604,4,13.3,8,89,8,16,47,5,46,1280.0
1260,0,76,3,15.6,0,54,5,26,47,2,124,361.8
1261,4,261,0,17.3,7,97,1,29,72,5,140,1799.0
1262,7,111,3,14.0,8,68,5,16,47,7,51,1099.99
1263,2,398,1,15.6,15,102,1,18,76,5,129,1600.0
1264,4,279,3,14.0,0,74,5,26,53,5,62,875.0
1265,2,394,1,15.6,15,92,1,18,80,5,117,2325.0
1266,10,532,3,15.6,15,74,8,16,53,4,121,573.0
1267,4,576,0,13.3,31,81,8,16,52,5,25,1813.0
1268,4,238,3,15.6,0,112,5,26,40,2,113,324.0
1269,7,51,3,15.6,0,8,5,26,16,5,74,399.0
1270,10,204,3,15.6,8,58,7,4,66,5,124,569.0
1271,10,458,3,14.0,15,68,8,16,47,5,87,1072.0
1272,4,238,3,15.6,0,111,5,26,40,5,113,443.99
1273,2,558,3,15.6,0,37,5,10,43,5,148,339.0
1274,2,391,1,17.3,15,92,1,5,91,5,167,1900.0
1275,4,547,3,15.6,0,56,5,26,47,5,112,490.0
1276,10,84,3,15.6,8,89,8,1,21,7,115,895.0
1277,11,148,1,15.6,8,92,8,5,89,5,124,1229.0
1278,10,579,0,14.0,7,68,5,4,47,5,78,833.01
1279,2,602,4,13.3,15,45,8,29,46,5,32,729.0
1280,4,239,3,15.6,0,59,7,10,53,5,121,459.0
1281,0,74,3,15.6,0,36,5,26,41,2,124,289.0
1282,4,238,3,15.6,0,34,3,26,40,5,106,379.0
1283,10,225,3,15.6,15,92,8,10,89,5,135,899.0
1284,7,324,3,15.6,8,12,7,1,29,5,90,549.99
1285,4,239,3,15.6,0,97,8,10,24,2,121,805.99
1286,7,425,2,11.6,0,36,3,23,41,5,18,209.0
1287,2,571,3,15.6,0,89,5,26,65,5,113,720.32
1288,10,580,0,14.0,13,89,5,4,47,5,78,638.0
1289,10,588,0,13.3,19,89,1,29,47,5,41,1499.0
1290,10,196,3,14.0,0,34,3,35,40,5,56,229.0
1291,7,2,3,15.6,0,89,7,10,21,5,104,764.0
1292,2,568,3,15.6,0,34,5,26,40,5,113,369.0
1293,2,602,4,13.3,15,45,8,29,46,5,32,729.0
1294,4,239,3,15.6,0,59,7,10,53,5,121,459.0
1295,0,74,3,15.6,0,36,5,26,41,2,124,289.0
1296,4,238,3,15.6,0,34,3,26,40,5,106,379.0
1297,10,225,3,15.6,15,92,8,10,89,5,135,899.0
1298,7,324,3,15.6,8,12,7,1,29,5,90,549.99
1299,4,239,3,15.6,0,97,8,10,24,2,121,805.99
1300,7,425,2,11.6,0,36,3,23,41,5,18,209.0
1301,2,571,3,15.6,0,89,5,26,65,5,113,720.32
1302,10,580,0,14.0,13,89,5,4,47,5,78,638.0
1303,10,588,0,13.3,19,89,1,29,47,5,41,1499.0
1304,10,196,3,14.0,0,34,3,35,40,5,56,229.0
1305,7,2,3,15.6,0,89,7,10,21,5,104,764.0
1306,2,568,3,15.6,0,34,5,26,40,5,113,369.0
1307,2,602,4,13.3,15,45,8,29,46,5,32,729.0
1308,4,239,3,15.6,0,59,7,10,53,5,121,459.0
1309,0,74,3,15.6,0,36,5,26,41,2,124,289.0
1310,4,238,3,15.6,0,34,3,26,40,5,106,379.0
1311,10,225,3,15.6,15,92,8,10,89,5,135,899.0
1312,7,324,3,15.6,8,12,7,1,29,5,90,549.99
1313,4,239,3,15.6,0,97,8,10,24,2,121,805.99
1314,7,425,2,11.6,0,36,3,23,41,5,18,209.0
1315,2,571,3,15.6,0,89,5,26,65,5,113,720.32
1316,10,580,0,14.0,13,89,5,4,47,5,78,638.0
1317,10,588,0,13.3,19,89,1,29,47,5,41,1499.0
1318,10,196,3,14.0,0,34,3,35,40,5,56,229.0
1319,7,2,3,15.6,0,89,7,10,21,5,104,764.0
1320,2,568,3,15.6,0,34,5,26,40,5,113,369.0
